Group,Shapiro_stat,Shapiro_p,Mean,SD,Test_to_use
enriched,0.8935526698358244,1.1535657126276576e-09,1018.2361425528394,267.49180669536605,wilcoxon
simplified,0.8935526698358244,1.1535657126276576e-09,1018.2361425528394,267.49180669536605,wilcoxon
