Measure,Shapiro_stat_simplified,Shapiro_p_simplified,Shapiro_stat_enriched,Shapiro_p_enriched,Test_to_use,Mean_simplified,Mean_enriched
Mean_X,0.9522992359022713,1.7103887236909967e-05,0.9522992359022713,1.7103887236909967e-05,wilcoxon,742.066709290914,742.066709290914
Std_X,0.9514406352791362,1.4310310238026822e-05,0.9514406352791362,1.4310310238026822e-05,wilcoxon,315.5385230829676,315.5385230829676
Mean_Y,0.8914680652523573,8.78573770699595e-10,0.8914680652523573,8.78573770699595e-10,wilcoxon,610.45348973553,610.45348973553
Std_Y,0.8506484018477947,7.542744624466631e-12,0.8506484018477947,7.542744624466631e-12,wilcoxon,228.61336156257795,228.61336156257795
