Measure,Shapiro_stat_simplified,Shapiro_p_simplified,Shapiro_stat_enriched,Shapiro_p_enriched,Test_to_use,Mean_simplified,Mean_enriched
Mean_X,0.9592687311657976,0.12220227841010284,0.9320700628474912,0.01369968236655409,wilcoxon,736.3547073776303,763.1247394395843
Std_X,0.9456159774998345,0.03787659801771516,0.9467626303540573,0.04545075376196562,wilcoxon,339.3431611559356,358.72661679816264
Mean_Y,0.8471412162495764,3.698012293722013e-05,0.969574598361651,0.30567858685678684,wilcoxon,577.8806573394346,648.3667661191855
Std_Y,0.8118202575817951,5.334284665183301e-06,0.9146236558491444,0.0035840324910050045,wilcoxon,226.01224483806388,282.65012256441514
