Measure,Shapiro_stat_simplified,Shapiro_p_simplified,Shapiro_stat_enriched,Shapiro_p_enriched,Test_to_use,Mean_simplified,Mean_enriched
Nb_Fixations,0.27930156985843757,4.0380427666784097e-56,0.5225124138171071,5.047559386807104e-32,wilcoxon,5.54530612244898,31.414868105515588
Mean_Duration_ms,0.27518803859448093,3.2255494624802318e-56,0.530601332929619,8.15711066624525e-32,wilcoxon,19.653424849784166,63.549370305447596
