Participant,Total_time_s,Pct_area1,Pct_area2,Pct_middle
enriched,8440.221899499997,16.50256624867027,81.82374302397416,1.6736907273555564
simplified,28307.283506900014,5.77502878332203,93.6918297424597,0.5331414742182705
MEAN_ALL,18373.752703200007,11.13879751599615,87.75778638321694,1.1034161007869134
MEAN_ENRICHED,8440.221899499997,16.50256624867027,81.82374302397416,1.6736907273555564
MEAN_SIMPLIFIED,28307.283506900014,5.77502878332203,93.6918297424597,0.5331414742182705
