Participant,Total_time_s,Pct_area1,Pct_area2,Pct_middle
P1,1130.0584092999995,50.07776653335501,44.73553993665915,5.186693529985839
P2,1247.8152399000078,63.91323684778901,30.038113505499357,6.048649646711633
P3,1360.4568781000078,60.78437412546752,33.140420829050335,6.075205045482141
P4,1247.7839251000137,67.09772772019323,26.856201723643817,6.046070556162953
P5,952.7356134999991,53.38043795085329,41.826751121031265,4.792810928115445
MOYENNE_ALL,1187.7700131800054,59.05070863553162,35.31940542317678,5.629885941291602
MOYENNE_P1_P3_P5,1147.7503003000022,54.74752620322528,39.90090396224692,5.351569834527808
MOYENNE_P2_P4,1247.7995825000107,65.50548228399111,28.447157614571587,6.0473601014372935
