Measure,T_statistic,P_value,Mean_first_minute,Mean_last_minute
Mean_Speed,-0.060307366846772986,0.9548037135208607,993.9460469804105,1001.7650494137154
