Measure,Wilcoxon_statistic,P_value,Mean_simplified,Mean_enriched
Mean_X,14280.5,1.0,742.066709290914,742.066709290914
Std_X,14280.5,1.0,315.5385230829676,315.5385230829676
Mean_Y,14280.5,1.0,610.45348973553,610.45348973553
Std_Y,14280.5,1.0,228.61336156257795,228.61336156257795
